experiment_id,trial_id,image,image_tag,image_digest,image_id,image_size_bytes,image_size_mb,image_layers,stage,started_at,finished_at,duration_ms,rapl_before_uj,rapl_after_uj,energy_raw_uj,energy_raw_j,baseline_power_w,background_energy_j,energy_corrected_j,average_power_w,cpu_avg_percent,cpu_peak_percent,memory_avg_mb,memory_peak_mb,docker_version,success,error
exp-1789027194,exp-1789027194-t1-ubuntu:latest,ubuntu,latest,sha256:513c074113a871b51a8d16ab445c88779d6452d937a164fb5cc479f32668a41d,sha256:513c074113a871b51a8d16ab445c88779d6452d937a164fb5cc479f32668a41d,41615567,39.69,2,Pull,2026-09-10T14:00:04.331+06:00,2026-09-10T14:00:16.268+06:00,11936,2297483282,2337546045,40062763,40.062763,2.334638,27.867918,12.194845,3.356262,2.65,5.34,4342.03,4362.08,29.7.2,true,
exp-1789027194,exp-1789027194-t1-ubuntu:latest,ubuntu,latest,sha256:513c074113a871b51a8d16ab445c88779d6452d937a164fb5cc479f32668a41d,sha256:513c074113a871b51a8d16ab445c88779d6452d937a164fb5cc479f32668a41d,41615567,39.69,2,Start,2026-09-10T14:00:16.286+06:00,2026-09-10T14:00:16.297+06:00,11,2337863534,2338039580,176046,0.176046,2.334638,0.025948,0.150098,15.839474,0.00,0.00,0.00,0.00,29.7.2,false,"Error response from daemon: Invalid container name (greencontainers-exp-1789027194-t1-ubuntu:latest), only [a-zA-Z0-9][a-zA-Z0-9_.-] are allowed"
exp-1789027194,exp-1789027194-t1-ubuntu:latest,ubuntu,latest,sha256:513c074113a871b51a8d16ab445c88779d6452d937a164fb5cc479f32668a41d,sha256:513c074113a871b51a8d16ab445c88779d6452d937a164fb5cc479f32668a41d,41615567,39.69,2,Stop,2026-09-10T14:00:16.297+06:00,2026-09-10T14:00:16.297+06:00,0,2338039580,2338039580,0,0.000000,2.334638,0.000733,0.000000,0.000000,0.00,0.00,0.00,0.00,29.7.2,false,Error response from daemon: No such container: greencontainers-exp-1789027194-t1-ubuntu:latest
exp-1789027194,exp-1789027194-t1-ubuntu:latest,ubuntu,latest,sha256:513c074113a871b51a8d16ab445c88779d6452d937a164fb5cc479f32668a41d,sha256:513c074113a871b51a8d16ab445c88779d6452d937a164fb5cc479f32668a41d,41615567,39.69,2,Cleanup,2026-09-10T14:00:16.297+06:00,2026-09-10T14:00:16.409+06:00,111,2338039580,2338990764,951184,0.951184,2.334638,0.260375,0.690809,8.528744,0.00,0.00,0.00,0.00,29.7.2,false,Error response from daemon: No such container: greencontainers-exp-1789027194-t1-ubuntu:latest
exp-1789027194,exp-1789027194-t1-alpine:latest,alpine,latest,sha256:28bd5fe8b56d1bd048e5babf5b10710ebe0bae67db86916198a6eec434943f8b,sha256:28bd5fe8b56d1bd048e5babf5b10710ebe0bae67db86916198a6eec434943f8b,3857242,3.68,1,Pull,2026-09-10T14:00:16.409+06:00,2026-09-10T14:00:25.873+06:00,9463,2338990764,2361005449,22014685,22.014685,2.334638,22.094863,0.000000,2.326166,1.48,2.82,4370.69,4377.82,29.7.2,true,
exp-1789027194,exp-1789027194-t1-alpine:latest,alpine,latest,sha256:28bd5fe8b56d1bd048e5babf5b10710ebe0bae67db86916198a6eec434943f8b,sha256:28bd5fe8b56d1bd048e5babf5b10710ebe0bae67db86916198a6eec434943f8b,3857242,3.68,1,Start,2026-09-10T14:00:25.898+06:00,2026-09-10T14:00:25.908+06:00,10,2361260807,2361433009,172202,0.172202,2.334638,0.025413,0.146789,15.819694,0.00,0.00,0.00,0.00,29.7.2,false,"Error response from daemon: Invalid container name (greencontainers-exp-1789027194-t1-alpine:latest), only [a-zA-Z0-9][a-zA-Z0-9_.-] are allowed"
exp-1789027194,exp-1789027194-t1-alpine:latest,alpine,latest,sha256:28bd5fe8b56d1bd048e5babf5b10710ebe0bae67db86916198a6eec434943f8b,sha256:28bd5fe8b56d1bd048e5babf5b10710ebe0bae67db86916198a6eec434943f8b,3857242,3.68,1,Stop,2026-09-10T14:00:25.909+06:00,2026-09-10T14:00:25.909+06:00,0,2361433009,2361433009,0,0.000000,2.334638,0.000626,0.000000,0.000000,0.00,0.00,0.00,0.00,29.7.2,false,Error response from daemon: No such container: greencontainers-exp-1789027194-t1-alpine:latest
exp-1789027194,exp-1789027194-t1-alpine:latest,alpine,latest,sha256:28bd5fe8b56d1bd048e5babf5b10710ebe0bae67db86916198a6eec434943f8b,sha256:28bd5fe8b56d1bd048e5babf5b10710ebe0bae67db86916198a6eec434943f8b,3857242,3.68,1,Cleanup,2026-09-10T14:00:25.909+06:00,2026-09-10T14:00:26.123+06:00,214,2361433009,2362297725,864716,0.864716,2.334638,0.499781,0.364935,4.039369,0.00,0.00,0.00,0.00,29.7.2,false,Error response from daemon: No such container: greencontainers-exp-1789027194-t1-alpine:latest
exp-1789027194,exp-1789027194-t2-ubuntu:latest,ubuntu,latest,sha256:513c074113a871b51a8d16ab445c88779d6452d937a164fb5cc479f32668a41d,sha256:513c074113a871b51a8d16ab445c88779d6452d937a164fb5cc479f32668a41d,41615567,39.69,2,Pull,2026-09-10T14:00:26.123+06:00,2026-09-10T14:00:39.162+06:00,13038,2362297725,2404435881,42138156,42.138156,2.334638,30.441227,11.696929,3.231714,3.07,9.97,4391.96,4422.40,29.7.2,true,
exp-1789027194,exp-1789027194-t2-ubuntu:latest,ubuntu,latest,sha256:513c074113a871b51a8d16ab445c88779d6452d937a164fb5cc479f32668a41d,sha256:513c074113a871b51a8d16ab445c88779d6452d937a164fb5cc479f32668a41d,41615567,39.69,2,Start,2026-09-10T14:00:39.179+06:00,2026-09-10T14:00:39.192+06:00,13,2404683076,2404932148,249072,0.249072,2.334638,0.032185,0.216887,18.067116,0.00,0.00,0.00,0.00,29.7.2,false,"Error response from daemon: Invalid container name (greencontainers-exp-1789027194-t2-ubuntu:latest), only [a-zA-Z0-9][a-zA-Z0-9_.-] are allowed"
exp-1789027194,exp-1789027194-t2-ubuntu:latest,ubuntu,latest,sha256:513c074113a871b51a8d16ab445c88779d6452d937a164fb5cc479f32668a41d,sha256:513c074113a871b51a8d16ab445c88779d6452d937a164fb5cc479f32668a41d,41615567,39.69,2,Stop,2026-09-10T14:00:39.193+06:00,2026-09-10T14:00:39.193+06:00,0,2404944385,2404944385,0,0.000000,2.334638,0.000779,0.000000,0.000000,0.00,0.00,0.00,0.00,29.7.2,false,Error response from daemon: No such container: greencontainers-exp-1789027194-t2-ubuntu:latest
exp-1789027194,exp-1789027194-t2-ubuntu:latest,ubuntu,latest,sha256:513c074113a871b51a8d16ab445c88779d6452d937a164fb5cc479f32668a41d,sha256:513c074113a871b51a8d16ab445c88779d6452d937a164fb5cc479f32668a41d,41615567,39.69,2,Cleanup,2026-09-10T14:00:39.193+06:00,2026-09-10T14:00:39.308+06:00,114,2404944385,2405903121,958736,0.958736,2.334638,0.267762,0.690974,8.359305,0.00,0.00,0.00,0.00,29.7.2,false,Error response from daemon: No such container: greencontainers-exp-1789027194-t2-ubuntu:latest
exp-1789027194,exp-1789027194-t2-alpine:latest,alpine,latest,sha256:28bd5fe8b56d1bd048e5babf5b10710ebe0bae67db86916198a6eec434943f8b,sha256:28bd5fe8b56d1bd048e5babf5b10710ebe0bae67db86916198a6eec434943f8b,3857242,3.68,1,Pull,2026-09-10T14:00:39.308+06:00,2026-09-10T14:00:46.892+06:00,7584,2405903121,2421933771,16030650,16.030650,2.334638,17.707354,0.000000,2.113572,1.68,2.75,4396.92,4401.16,29.7.2,true,
exp-1789027194,exp-1789027194-t2-alpine:latest,alpine,latest,sha256:28bd5fe8b56d1bd048e5babf5b10710ebe0bae67db86916198a6eec434943f8b,sha256:28bd5fe8b56d1bd048e5babf5b10710ebe0bae67db86916198a6eec434943f8b,3857242,3.68,1,Start,2026-09-10T14:00:46.912+06:00,2026-09-10T14:00:46.926+06:00,13,2422238839,2422448225,209386,0.209386,2.334638,0.032124,0.177262,15.217314,0.00,0.00,0.00,0.00,29.7.2,false,"Error response from daemon: Invalid container name (greencontainers-exp-1789027194-t2-alpine:latest), only [a-zA-Z0-9][a-zA-Z0-9_.-] are allowed"
exp-1789027194,exp-1789027194-t2-alpine:latest,alpine,latest,sha256:28bd5fe8b56d1bd048e5babf5b10710ebe0bae67db86916198a6eec434943f8b,sha256:28bd5fe8b56d1bd048e5babf5b10710ebe0bae67db86916198a6eec434943f8b,3857242,3.68,1,Stop,2026-09-10T14:00:46.926+06:00,2026-09-10T14:00:46.926+06:00,0,2422448225,2422448225,0,0.000000,2.334638,0.000680,0.000000,0.000000,0.00,0.00,0.00,0.00,29.7.2,false,Error response from daemon: No such container: greencontainers-exp-1789027194-t2-alpine:latest
exp-1789027194,exp-1789027194-t2-alpine:latest,alpine,latest,sha256:28bd5fe8b56d1bd048e5babf5b10710ebe0bae67db86916198a6eec434943f8b,sha256:28bd5fe8b56d1bd048e5babf5b10710ebe0bae67db86916198a6eec434943f8b,3857242,3.68,1,Cleanup,2026-09-10T14:00:46.926+06:00,2026-09-10T14:00:46.95+06:00,23,2422448225,2422659014,210789,0.210789,2.334638,0.054921,0.155868,8.960443,0.00,0.00,0.00,0.00,29.7.2,false,Error response from daemon: No such container: greencontainers-exp-1789027194-t2-alpine:latest
exp-1789027194,exp-1789027194-t3-ubuntu:latest,ubuntu,latest,sha256:513c074113a871b51a8d16ab445c88779d6452d937a164fb5cc479f32668a41d,sha256:513c074113a871b51a8d16ab445c88779d6452d937a164fb5cc479f32668a41d,41615567,39.69,2,Pull,2026-09-10T14:00:46.95+06:00,2026-09-10T14:01:00.971+06:00,14020,2422659014,2464594315,41935301,41.935301,2.334638,32.733248,9.202053,2.990957,3.04,10.15,4388.24,4399.96,29.7.2,true,
exp-1789027194,exp-1789027194-t3-ubuntu:latest,ubuntu,latest,sha256:513c074113a871b51a8d16ab445c88779d6452d937a164fb5cc479f32668a41d,sha256:513c074113a871b51a8d16ab445c88779d6452d937a164fb5cc479f32668a41d,41615567,39.69,2,Start,2026-09-10T14:01:00.989+06:00,2026-09-10T14:01:00.999+06:00,10,2464940443,2465071341,130898,0.130898,2.334638,0.024163,0.106735,12.647351,0.00,0.00,0.00,0.00,29.7.2,false,"Error response from daemon: Invalid container name (greencontainers-exp-1789027194-t3-ubuntu:latest), only [a-zA-Z0-9][a-zA-Z0-9_.-] are allowed"
exp-1789027194,exp-1789027194-t3-ubuntu:latest,ubuntu,latest,sha256:513c074113a871b51a8d16ab445c88779d6452d937a164fb5cc479f32668a41d,sha256:513c074113a871b51a8d16ab445c88779d6452d937a164fb5cc479f32668a41d,41615567,39.69,2,Stop,2026-09-10T14:01:00.999+06:00,2026-09-10T14:01:00.999+06:00,0,2465071341,2465085989,14648,0.014648,2.334638,0.000707,0.013941,48.338448,0.00,0.00,0.00,0.00,29.7.2,false,Error response from daemon: No such container: greencontainers-exp-1789027194-t3-ubuntu:latest
exp-1789027194,exp-1789027194-t3-ubuntu:latest,ubuntu,latest,sha256:513c074113a871b51a8d16ab445c88779d6452d937a164fb5cc479f32668a41d,sha256:513c074113a871b51a8d16ab445c88779d6452d937a164fb5cc479f32668a41d,41615567,39.69,2,Cleanup,2026-09-10T14:01:01+06:00,2026-09-10T14:01:01.114+06:00,114,2465085989,2466011631,925642,0.925642,2.334638,0.267285,0.658357,8.085145,0.00,0.00,0.00,0.00,29.7.2,false,Error response from daemon: No such container: greencontainers-exp-1789027194-t3-ubuntu:latest
exp-1789027194,exp-1789027194-t3-alpine:latest,alpine,latest,sha256:28bd5fe8b56d1bd048e5babf5b10710ebe0bae67db86916198a6eec434943f8b,sha256:28bd5fe8b56d1bd048e5babf5b10710ebe0bae67db86916198a6eec434943f8b,3857242,3.68,1,Pull,2026-09-10T14:01:01.114+06:00,2026-09-10T14:01:09.104+06:00,7989,2466011631,2481535333,15523702,15.523702,2.334638,18.653079,0.000000,1.942962,1.28,1.74,4387.94,4390.37,29.7.2,true,
exp-1789027194,exp-1789027194-t3-alpine:latest,alpine,latest,sha256:28bd5fe8b56d1bd048e5babf5b10710ebe0bae67db86916198a6eec434943f8b,sha256:28bd5fe8b56d1bd048e5babf5b10710ebe0bae67db86916198a6eec434943f8b,3857242,3.68,1,Start,2026-09-10T14:01:09.124+06:00,2026-09-10T14:01:09.137+06:00,13,2481898855,2482086986,188131,0.188131,2.334638,0.030395,0.157736,14.450510,0.00,0.00,0.00,0.00,29.7.2,false,"Error response from daemon: Invalid container name (greencontainers-exp-1789027194-t3-alpine:latest), only [a-zA-Z0-9][a-zA-Z0-9_.-] are allowed"
exp-1789027194,exp-1789027194-t3-alpine:latest,alpine,latest,sha256:28bd5fe8b56d1bd048e5babf5b10710ebe0bae67db86916198a6eec434943f8b,sha256:28bd5fe8b56d1bd048e5babf5b10710ebe0bae67db86916198a6eec434943f8b,3857242,3.68,1,Stop,2026-09-10T14:01:09.137+06:00,2026-09-10T14:01:09.138+06:00,0,2482086986,2482101054,14068,0.014068,2.334638,0.001062,0.013006,30.931190,0.00,0.00,0.00,0.00,29.7.2,false,Error response from daemon: No such container: greencontainers-exp-1789027194-t3-alpine:latest
exp-1789027194,exp-1789027194-t3-alpine:latest,alpine,latest,sha256:28bd5fe8b56d1bd048e5babf5b10710ebe0bae67db86916198a6eec434943f8b,sha256:28bd5fe8b56d1bd048e5babf5b10710ebe0bae67db86916198a6eec434943f8b,3857242,3.68,1,Cleanup,2026-09-10T14:01:09.138+06:00,2026-09-10T14:01:09.163+06:00,24,2482101054,2482348051,246997,0.246997,2.334638,0.057611,0.189386,10.009388,0.00,0.00,0.00,0.00,29.7.2,false,Error response from daemon: No such container: greencontainers-exp-1789027194-t3-alpine:latest
