experiment_id,trial_id,trial_number,base_image,image,image_tag,image_digest,image_id,image_size_bytes,image_size_mb,image_layers,stage,stage_name,stage_type,started_at,finished_at,duration_ms,rapl_before_uj,rapl_after_uj,energy_raw_uj,energy_raw_j,baseline_power_w,background_energy_j,energy_corrected_j,average_power_w,cpu_avg_percent,cpu_peak_percent,memory_avg_mb,memory_peak_mb,k6_rate_target,k6_throughput_actual,k6_avg_latency_ms,k6_p95_latency_ms,k6_p99_latency_ms,docker_version,success,error
cpu-api-alpine,cpu-api-alpine-pull,0,alpine:latest,,,,,0,0.00,0,Pull,pull,pull,2026-09-19T03:15:17.861+06:00,2026-09-19T03:15:22.348+06:00,4487,31048910963,31181070556,132159593,132.159593,29.628264,132.943595,0.000000,29.453539,2.34,3.50,3890.13,3894.21,,,,,,29.1.3,true,
cpu-api-alpine,cpu-api-alpine-build,0,alpine:latest,,,,,0,0.00,0,Build,build,build,2026-09-19T03:15:22.348+06:00,2026-09-19T03:15:38.486+06:00,16137,31181070556,32010432771,829362215,829.362215,29.628264,478.126116,351.236099,51.393476,27.18,81.14,4208.58,4488.31,,,,,,29.1.3,true,
cpu-api-alpine,cpu-api-alpine-t1,1,alpine:latest,green-cpu-api,alpine,sha256:8a0e81afd6fe7c8fc43c8cedbc267de01869f9d25148d7cb6d9a2805bb29232e,sha256:8a0e81afd6fe7c8fc43c8cedbc267de01869f9d25148d7cb6d9a2805bb29232e,9379648,8.95,2,Start,start,start,2026-09-19T03:15:38.495+06:00,2026-09-19T03:15:38.707+06:00,212,32011044983,32021185450,10140467,10.140467,29.628264,6.292650,3.847817,47.745297,0.00,0.00,0.00,0.00,,,,,,29.1.3,true,
cpu-api-alpine,cpu-api-alpine-t1,1,alpine:latest,green-cpu-api,alpine,sha256:8a0e81afd6fe7c8fc43c8cedbc267de01869f9d25148d7cb6d9a2805bb29232e,sha256:8a0e81afd6fe7c8fc43c8cedbc267de01869f9d25148d7cb6d9a2805bb29232e,9379648,8.95,2,Idle,idle,idle,2026-09-19T03:15:39.209+06:00,2026-09-19T03:16:39.211+06:00,60001,32042269015,33881729796,1839460781,1839.460781,29.628264,1777.727999,61.732782,30.657125,5.96,48.66,4023.32,4378.84,,,,,,29.1.3,true,
cpu-api-alpine,cpu-api-alpine-t1,1,alpine:latest,green-cpu-api,alpine,sha256:8a0e81afd6fe7c8fc43c8cedbc267de01869f9d25148d7cb6d9a2805bb29232e,sha256:8a0e81afd6fe7c8fc43c8cedbc267de01869f9d25148d7cb6d9a2805bb29232e,9379648,8.95,2,Workload,light-load,k6,2026-09-19T03:16:49.22+06:00,2026-09-19T03:17:50.968+06:00,61748,34147296202,36570892210,2423596008,2423.596008,29.628264,1829.498330,594.097678,39.249527,7.99,34.69,4047.24,4270.32,100,0.00,0.000,0.000,0.000,29.1.3,true,
cpu-api-alpine,cpu-api-alpine-t1,1,alpine:latest,green-cpu-api,alpine,sha256:8a0e81afd6fe7c8fc43c8cedbc267de01869f9d25148d7cb6d9a2805bb29232e,sha256:8a0e81afd6fe7c8fc43c8cedbc267de01869f9d25148d7cb6d9a2805bb29232e,9379648,8.95,2,Workload,medium-load,k6,2026-09-19T03:18:00.977+06:00,2026-09-19T03:19:11.073+06:00,70095,36940400414,40658039670,3717639256,3717.639256,29.628264,2076.798449,1640.840807,53.037019,97.39,100.00,6169.03,6671.82,10000,0.00,0.000,0.000,0.000,29.1.3,true,
cpu-api-alpine,cpu-api-alpine-t1,1,alpine:latest,green-cpu-api,alpine,sha256:8a0e81afd6fe7c8fc43c8cedbc267de01869f9d25148d7cb6d9a2805bb29232e,sha256:8a0e81afd6fe7c8fc43c8cedbc267de01869f9d25148d7cb6d9a2805bb29232e,9379648,8.95,2,Workload,heavy-load,k6,2026-09-19T03:19:21.081+06:00,2026-09-19T03:20:53.401+06:00,92319,40941032161,46684080376,5743048215,5743.048215,29.628264,2735.261923,3007.786292,62.208503,91.54,100.00,9035.78,10378.91,50000,0.00,0.000,0.000,0.000,29.1.3,true,
cpu-api-alpine,cpu-api-alpine-t1,1,alpine:latest,green-cpu-api,alpine,sha256:8a0e81afd6fe7c8fc43c8cedbc267de01869f9d25148d7cb6d9a2805bb29232e,sha256:8a0e81afd6fe7c8fc43c8cedbc267de01869f9d25148d7cb6d9a2805bb29232e,9379648,8.95,2,Stop,stop,stop,2026-09-19T03:20:53.401+06:00,2026-09-19T03:20:54.681+06:00,1279,46684080376,46749696047,65615671,65.615671,29.628264,37.918652,27.697019,51.269714,17.74,17.74,3972.04,3972.04,,,,,,29.1.3,true,
cpu-api-alpine,cpu-api-alpine-t1,1,alpine:latest,green-cpu-api,alpine,sha256:8a0e81afd6fe7c8fc43c8cedbc267de01869f9d25148d7cb6d9a2805bb29232e,sha256:8a0e81afd6fe7c8fc43c8cedbc267de01869f9d25148d7cb6d9a2805bb29232e,9379648,8.95,2,Cleanup,cleanup,cleanup,2026-09-19T03:20:54.681+06:00,2026-09-19T03:20:54.739+06:00,57,46749696047,46752400345,2704298,2.704298,29.628264,1.710296,0.994002,46.847841,0.00,0.00,0.00,0.00,,,,,,29.1.3,true,
cpu-api-alpine,cpu-api-alpine-t2,2,alpine:latest,green-cpu-api,alpine,sha256:8a0e81afd6fe7c8fc43c8cedbc267de01869f9d25148d7cb6d9a2805bb29232e,sha256:8a0e81afd6fe7c8fc43c8cedbc267de01869f9d25148d7cb6d9a2805bb29232e,9379648,8.95,2,Start,start,start,2026-09-19T03:20:54.739+06:00,2026-09-19T03:20:55.133+06:00,393,46752400345,46771715523,19315178,19.315178,29.628264,11.670830,7.644348,49.034662,0.00,0.00,0.00,0.00,,,,,,29.1.3,true,
cpu-api-alpine,cpu-api-alpine-t2,2,alpine:latest,green-cpu-api,alpine,sha256:8a0e81afd6fe7c8fc43c8cedbc267de01869f9d25148d7cb6d9a2805bb29232e,sha256:8a0e81afd6fe7c8fc43c8cedbc267de01869f9d25148d7cb6d9a2805bb29232e,9379648,8.95,2,Idle,idle,idle,2026-09-19T03:20:55.634+06:00,2026-09-19T03:21:55.635+06:00,60000,46789692453,48444442495,1654750042,1654.750042,29.628264,1777.702809,0.000000,27.579060,2.52,16.89,3991.35,4440.41,,,,,,29.1.3,true,
cpu-api-alpine,cpu-api-alpine-t2,2,alpine:latest,green-cpu-api,alpine,sha256:8a0e81afd6fe7c8fc43c8cedbc267de01869f9d25148d7cb6d9a2805bb29232e,sha256:8a0e81afd6fe7c8fc43c8cedbc267de01869f9d25148d7cb6d9a2805bb29232e,9379648,8.95,2,Workload,light-load,k6,2026-09-19T03:22:05.644+06:00,2026-09-19T03:23:07.769+06:00,62124,48790713712,51460911271,2670197559,2670.197559,29.628264,1840.654203,829.543356,42.981087,12.93,29.51,4017.04,4158.47,100,0.00,0.000,0.000,0.000,29.1.3,true,
cpu-api-alpine,cpu-api-alpine-t2,2,alpine:latest,green-cpu-api,alpine,sha256:8a0e81afd6fe7c8fc43c8cedbc267de01869f9d25148d7cb6d9a2805bb29232e,sha256:8a0e81afd6fe7c8fc43c8cedbc267de01869f9d25148d7cb6d9a2805bb29232e,9379648,8.95,2,Workload,medium-load,k6,2026-09-19T03:23:17.778+06:00,2026-09-19T03:24:27.984+06:00,70205,51768556494,55552220442,3783663948,3783.663948,29.628264,2080.073821,1703.590127,53.893951,97.32,100.00,6216.75,6543.47,10000,0.00,0.000,0.000,0.000,29.1.3,true,
cpu-api-alpine,cpu-api-alpine-t2,2,alpine:latest,green-cpu-api,alpine,sha256:8a0e81afd6fe7c8fc43c8cedbc267de01869f9d25148d7cb6d9a2805bb29232e,sha256:8a0e81afd6fe7c8fc43c8cedbc267de01869f9d25148d7cb6d9a2805bb29232e,9379648,8.95,2,Workload,heavy-load,k6,2026-09-19T03:24:37.992+06:00,2026-09-19T03:26:10.358+06:00,92365,55817275003,61677831545,5860556542,5860.556542,29.628264,2736.625572,3123.930970,63.449717,90.08,100.00,9180.29,10583.96,50000,0.00,0.000,0.000,0.000,29.1.3,true,
cpu-api-alpine,cpu-api-alpine-t2,2,alpine:latest,green-cpu-api,alpine,sha256:8a0e81afd6fe7c8fc43c8cedbc267de01869f9d25148d7cb6d9a2805bb29232e,sha256:8a0e81afd6fe7c8fc43c8cedbc267de01869f9d25148d7cb6d9a2805bb29232e,9379648,8.95,2,Stop,stop,stop,2026-09-19T03:26:10.358+06:00,2026-09-19T03:26:11.652+06:00,1294,61677831545,61743269415,65437870,65.437870,29.628264,38.346863,27.091007,50.559820,17.44,17.44,4046.17,4046.17,,,,,,29.1.3,true,
cpu-api-alpine,cpu-api-alpine-t2,2,alpine:latest,green-cpu-api,alpine,sha256:8a0e81afd6fe7c8fc43c8cedbc267de01869f9d25148d7cb6d9a2805bb29232e,sha256:8a0e81afd6fe7c8fc43c8cedbc267de01869f9d25148d7cb6d9a2805bb29232e,9379648,8.95,2,Cleanup,cleanup,cleanup,2026-09-19T03:26:11.652+06:00,2026-09-19T03:26:11.757+06:00,105,61743269415,61747564053,4294638,4.294638,29.628264,3.112959,1.181679,40.875152,0.00,0.00,0.00,0.00,,,,,,29.1.3,true,
cpu-api-alpine,cpu-api-alpine-t3,3,alpine:latest,green-cpu-api,alpine,sha256:8a0e81afd6fe7c8fc43c8cedbc267de01869f9d25148d7cb6d9a2805bb29232e,sha256:8a0e81afd6fe7c8fc43c8cedbc267de01869f9d25148d7cb6d9a2805bb29232e,9379648,8.95,2,Start,start,start,2026-09-19T03:26:11.757+06:00,2026-09-19T03:26:12.166+06:00,408,61747564053,61767841996,20277943,20.277943,29.628264,12.091960,8.185983,49.685929,0.00,0.00,0.00,0.00,,,,,,29.1.3,true,
cpu-api-alpine,cpu-api-alpine-t3,3,alpine:latest,green-cpu-api,alpine,sha256:8a0e81afd6fe7c8fc43c8cedbc267de01869f9d25148d7cb6d9a2805bb29232e,sha256:8a0e81afd6fe7c8fc43c8cedbc267de01869f9d25148d7cb6d9a2805bb29232e,9379648,8.95,2,Idle,idle,idle,2026-09-19T03:26:12.667+06:00,2026-09-19T03:27:12.667+06:00,60000,61785672816,63359121276,1573448460,1573.448460,29.628264,1777.711941,0.000000,26.223904,1.54,3.16,3978.56,4037.49,,,,,,29.1.3,true,
cpu-api-alpine,cpu-api-alpine-t3,3,alpine:latest,green-cpu-api,alpine,sha256:8a0e81afd6fe7c8fc43c8cedbc267de01869f9d25148d7cb6d9a2805bb29232e,sha256:8a0e81afd6fe7c8fc43c8cedbc267de01869f9d25148d7cb6d9a2805bb29232e,9379648,8.95,2,Workload,light-load,k6,2026-09-19T03:27:22.676+06:00,2026-09-19T03:28:24.885+06:00,62208,63616273673,512714711,2429052025,2429.052025,29.628264,1843.137852,585.914173,39.046779,6.01,10.79,3992.43,4033.40,100,0.00,0.000,0.000,0.000,29.1.3,true,
cpu-api-alpine,cpu-api-alpine-t3,3,alpine:latest,green-cpu-api,alpine,sha256:8a0e81afd6fe7c8fc43c8cedbc267de01869f9d25148d7cb6d9a2805bb29232e,sha256:8a0e81afd6fe7c8fc43c8cedbc267de01869f9d25148d7cb6d9a2805bb29232e,9379648,8.95,2,Workload,medium-load,k6,2026-09-19T03:28:34.894+06:00,2026-09-19T03:29:44.291+06:00,69396,832948730,4559298168,3726349438,3726.349438,29.628264,2056.094907,1670.254531,53.696581,99.09,100.00,6139.68,6603.18,10000,0.00,0.000,0.000,0.000,29.1.3,true,
cpu-api-alpine,cpu-api-alpine-t3,3,alpine:latest,green-cpu-api,alpine,sha256:8a0e81afd6fe7c8fc43c8cedbc267de01869f9d25148d7cb6d9a2805bb29232e,sha256:8a0e81afd6fe7c8fc43c8cedbc267de01869f9d25148d7cb6d9a2805bb29232e,9379648,8.95,2,Workload,heavy-load,k6,2026-09-19T03:29:54.3+06:00,2026-09-19T03:31:26.744+06:00,92443,4811528028,10679087337,5867559309,5867.559309,29.628264,2738.952140,3128.607169,63.471572,91.44,100.00,9314.59,10760.27,50000,0.00,0.000,0.000,0.000,29.1.3,true,
cpu-api-alpine,cpu-api-alpine-t3,3,alpine:latest,green-cpu-api,alpine,sha256:8a0e81afd6fe7c8fc43c8cedbc267de01869f9d25148d7cb6d9a2805bb29232e,sha256:8a0e81afd6fe7c8fc43c8cedbc267de01869f9d25148d7cb6d9a2805bb29232e,9379648,8.95,2,Stop,stop,stop,2026-09-19T03:31:26.744+06:00,2026-09-19T03:31:28.11+06:00,1365,10679087337,10747408465,68321128,68.321128,29.628264,40.471682,27.849446,50.016119,16.02,16.02,4030.68,4030.68,,,,,,29.1.3,true,
cpu-api-alpine,cpu-api-alpine-t3,3,alpine:latest,green-cpu-api,alpine,sha256:8a0e81afd6fe7c8fc43c8cedbc267de01869f9d25148d7cb6d9a2805bb29232e,sha256:8a0e81afd6fe7c8fc43c8cedbc267de01869f9d25148d7cb6d9a2805bb29232e,9379648,8.95,2,Cleanup,cleanup,cleanup,2026-09-19T03:31:28.11+06:00,2026-09-19T03:31:28.138+06:00,27,10747408465,10748842976,1434511,1.434511,29.628264,0.810497,0.624014,52.439525,0.00,0.00,0.00,0.00,,,,,,29.1.3,true,
